in:year,img
2020,year2020.png
2026,year2026.png
2032,year2032.png
2038,year2038.png
2044,year2044.png
2050,year2050.png
2056,year2056.png
2062,year2062.png
2068,year2068.png
2074,year2074.png
2080,year2080.png
2086,year2086.png
2092,year2092.png
2098,year2098.png
2104,year2104.png
2110,year2110.png
2115,year2115.png
2120,year2120.png
2125,year2125.png
2130,year2130.png
2135,year2135.png
2140,year2140.png
2145,year2145.png
2150,year2150.png
2155,year2155.png
2160,year2160.png
2165,year2165.png
2170,year2170.png
2175,year2175.png
2180,year2180.png
2185,year2185.png
2190,year2190.png
2195,year2195.png
2200,year2200.png
