in:Year,img
2020,(0).png
2025,(1).png
2030,(2).png
2035,(3).png
2040,(4).png
2045,(5).png
2050,(6).png
2055,(7).png
2060,(8).png
2065,(9).png
2070,(10).png
2075,(11).png
2080,(12).png
2085,(13).png
2090,(14).png
2095,(15).png
2100,(16).png
2105,(17).png
2110,(18).png
2115,(19).png
2120,(20).png
2125,(21).png
2130,(22).png
2135,(23).png
2140,(24).png
2145,(25).png
2150,(26).png
2155,(27).png
2160,(28).png
2165,(29).png
2170,(30).png
2175,(31).png
2180,(32).png
2185,(33).png
2190,(34).png
2195,(35).png
2200,(36).png
