flyId:Angle20_Size5,3d:FFD:Angle20_Size5.json,img:Angle20_Size5.png,img:Angle20_Size5.png,meta:FFD\meta.json,annotations:FFD\annotations.json
flyId:Angle20_Size6,3d:FFD:Angle20_Size6.json,img:Angle20_Size6.png,img:Angle20_Size6.png,meta:FFD\meta.json,annotations:FFD\annotations.json
flyId:Angle20_Size7,3d:FFD:Angle20_Size7.json,img:Angle20_Size7.png,img:Angle20_Size7.png,meta:FFD\meta.json,annotations:FFD\annotations.json
flyId:Angle20_Size8,3d:FFD:Angle20_Size8.json,img:Angle20_Size8.png,img:Angle20_Size8.png,meta:FFD\meta.json,annotations:FFD\annotations.json
flyId:Angle20_Size9,3d:FFD:Angle20_Size9.json,img:Angle20_Size9.png,img:Angle20_Size9.png,meta:FFD\meta.json,annotations:FFD\annotations.json
flyId:Angle20_Size10,3d:FFD:Angle20_Size10.json,img:Angle20_Size10.png,img:Angle20_Size10.png,meta:FFD\meta.json,annotations:FFD\annotations.json
flyId:Angle20.1_Size5,3d:FFD:Angle20.1_Size5.json,img:Angle20.1_Size5.png,img:Angle20.1_Size5.png,meta:FFD\meta.json,annotations:FFD\annotations.json
flyId:Angle20.1_Size6,3d:FFD:Angle20.1_Size6.json,img:Angle20.1_Size6.png,img:Angle20.1_Size6.png,meta:FFD\meta.json,annotations:FFD\annotations.json
flyId:Angle20.1_Size7,3d:FFD:Angle20.1_Size7.json,img:Angle20.1_Size7.png,img:Angle20.1_Size7.png,meta:FFD\meta.json,annotations:FFD\annotations.json
flyId:Angle20.1_Size8,3d:FFD:Angle20.1_Size8.json,img:Angle20.1_Size8.png,img:Angle20.1_Size8.png,meta:FFD\meta.json,annotations:FFD\annotations.json
flyId:Angle20.1_Size9,3d:FFD:Angle20.1_Size9.json,img:Angle20.1_Size9.png,img:Angle20.1_Size9.png,meta:FFD\meta.json,annotations:FFD\annotations.json
flyId:Angle20.1_Size10,3d:FFD:Angle20.1_Size10.json,img:Angle20.1_Size10.png,img:Angle20.1_Size10.png,meta:FFD\meta.json,annotations:FFD\annotations.json
flyId:Angle20.2_Size5,3d:FFD:Angle20.2_Size5.json,img:Angle20.2_Size5.png,img:Angle20.2_Size5.png,meta:FFD\meta.json,annotations:FFD\annotations.json
flyId:Angle20.2_Size6,3d:FFD:Angle20.2_Size6.json,img:Angle20.2_Size6.png,img:Angle20.2_Size6.png,meta:FFD\meta.json,annotations:FFD\annotations.json
flyId:Angle20.2_Size7,3d:FFD:Angle20.2_Size7.json,img:Angle20.2_Size7.png,img:Angle20.2_Size7.png,meta:FFD\meta.json,annotations:FFD\annotations.json
flyId:Angle20.2_Size8,3d:FFD:Angle20.2_Size8.json,img:Angle20.2_Size8.png,img:Angle20.2_Size8.png,meta:FFD\meta.json,annotations:FFD\annotations.json
flyId:Angle20.2_Size9,3d:FFD:Angle20.2_Size9.json,img:Angle20.2_Size9.png,img:Angle20.2_Size9.png,meta:FFD\meta.json,annotations:FFD\annotations.json
flyId:Angle20.2_Size10,3d:FFD:Angle20.2_Size10.json,img:Angle20.2_Size10.png,img:Angle20.2_Size10.png,meta:FFD\meta.json,annotations:FFD\annotations.json
flyId:Angle20.3_Size5,3d:FFD:Angle20.3_Size5.json,img:Angle20.3_Size5.png,img:Angle20.3_Size5.png,meta:FFD\meta.json,annotations:FFD\annotations.json
flyId:Angle20.3_Size6,3d:FFD:Angle20.3_Size6.json,img:Angle20.3_Size6.png,img:Angle20.3_Size6.png,meta:FFD\meta.json,annotations:FFD\annotations.json
flyId:Angle20.3_Size7,3d:FFD:Angle20.3_Size7.json,img:Angle20.3_Size7.png,img:Angle20.3_Size7.png,meta:FFD\meta.json,annotations:FFD\annotations.json
flyId:Angle20.3_Size8,3d:FFD:Angle20.3_Size8.json,img:Angle20.3_Size8.png,img:Angle20.3_Size8.png,meta:FFD\meta.json,annotations:FFD\annotations.json
flyId:Angle20.3_Size9,3d:FFD:Angle20.3_Size9.json,img:Angle20.3_Size9.png,img:Angle20.3_Size9.png,meta:FFD\meta.json,annotations:FFD\annotations.json
flyId:Angle20.3_Size10,3d:FFD:Angle20.3_Size10.json,img:Angle20.3_Size10.png,img:Angle20.3_Size10.png,meta:FFD\meta.json,annotations:FFD\annotations.json
flyId:Angle20.4_Size5,3d:FFD:Angle20.4_Size5.json,img:Angle20.4_Size5.png,img:Angle20.4_Size5.png,meta:FFD\meta.json,annotations:FFD\annotations.json
flyId:Angle20.4_Size6,3d:FFD:Angle20.4_Size6.json,img:Angle20.4_Size6.png,img:Angle20.4_Size6.png,meta:FFD\meta.json,annotations:FFD\annotations.json
flyId:Angle20.4_Size7,3d:FFD:Angle20.4_Size7.json,img:Angle20.4_Size7.png,img:Angle20.4_Size7.png,meta:FFD\meta.json,annotations:FFD\annotations.json
flyId:Angle20.4_Size8,3d:FFD:Angle20.4_Size8.json,img:Angle20.4_Size8.png,img:Angle20.4_Size8.png,meta:FFD\meta.json,annotations:FFD\annotations.json
flyId:Angle20.4_Size9,3d:FFD:Angle20.4_Size9.json,img:Angle20.4_Size9.png,img:Angle20.4_Size9.png,meta:FFD\meta.json,annotations:FFD\annotations.json
flyId:Angle20.4_Size10,3d:FFD:Angle20.4_Size10.json,img:Angle20.4_Size10.png,img:Angle20.4_Size10.png,meta:FFD\meta.json,annotations:FFD\annotations.json
flyId:Angle20.5_Size5,3d:FFD:Angle20.5_Size5.json,img:Angle20.5_Size5.png,img:Angle20.5_Size5.png,meta:FFD\meta.json,annotations:FFD\annotations.json
flyId:Angle20.5_Size6,3d:FFD:Angle20.5_Size6.json,img:Angle20.5_Size6.png,img:Angle20.5_Size6.png,meta:FFD\meta.json,annotations:FFD\annotations.json
flyId:Angle20.5_Size7,3d:FFD:Angle20.5_Size7.json,img:Angle20.5_Size7.png,img:Angle20.5_Size7.png,meta:FFD\meta.json,annotations:FFD\annotations.json
flyId:Angle20.5_Size8,3d:FFD:Angle20.5_Size8.json,img:Angle20.5_Size8.png,img:Angle20.5_Size8.png,meta:FFD\meta.json,annotations:FFD\annotations.json
flyId:Angle20.5_Size9,3d:FFD:Angle20.5_Size9.json,img:Angle20.5_Size9.png,img:Angle20.5_Size9.png,meta:FFD\meta.json,annotations:FFD\annotations.json
flyId:Angle20.5_Size10,3d:FFD:Angle20.5_Size10.json,img:Angle20.5_Size10.png,img:Angle20.5_Size10.png,meta:FFD\meta.json,annotations:FFD\annotations.json
flyId:Angle20.6_Size5,3d:FFD:Angle20.6_Size5.json,img:Angle20.6_Size5.png,img:Angle20.6_Size5.png,meta:FFD\meta.json,annotations:FFD\annotations.json
flyId:Angle20.6_Size6,3d:FFD:Angle20.6_Size6.json,img:Angle20.6_Size6.png,img:Angle20.6_Size6.png,meta:FFD\meta.json,annotations:FFD\annotations.json
flyId:Angle20.6_Size7,3d:FFD:Angle20.6_Size7.json,img:Angle20.6_Size7.png,img:Angle20.6_Size7.png,meta:FFD\meta.json,annotations:FFD\annotations.json
flyId:Angle20.6_Size8,3d:FFD:Angle20.6_Size8.json,img:Angle20.6_Size8.png,img:Angle20.6_Size8.png,meta:FFD\meta.json,annotations:FFD\annotations.json
flyId:Angle20.6_Size9,3d:FFD:Angle20.6_Size9.json,img:Angle20.6_Size9.png,img:Angle20.6_Size9.png,meta:FFD\meta.json,annotations:FFD\annotations.json
flyId:Angle20.6_Size10,3d:FFD:Angle20.6_Size10.json,img:Angle20.6_Size10.png,img:Angle20.6_Size10.png,meta:FFD\meta.json,annotations:FFD\annotations.json
flyId:Angle20.7_Size5,3d:FFD:Angle20.7_Size5.json,img:Angle20.7_Size5.png,img:Angle20.7_Size5.png,meta:FFD\meta.json,annotations:FFD\annotations.json
flyId:Angle20.7_Size6,3d:FFD:Angle20.7_Size6.json,img:Angle20.7_Size6.png,img:Angle20.7_Size6.png,meta:FFD\meta.json,annotations:FFD\annotations.json
flyId:Angle20.7_Size7,3d:FFD:Angle20.7_Size7.json,img:Angle20.7_Size7.png,img:Angle20.7_Size7.png,meta:FFD\meta.json,annotations:FFD\annotations.json
flyId:Angle20.7_Size8,3d:FFD:Angle20.7_Size8.json,img:Angle20.7_Size8.png,img:Angle20.7_Size8.png,meta:FFD\meta.json,annotations:FFD\annotations.json
flyId:Angle20.7_Size9,3d:FFD:Angle20.7_Size9.json,img:Angle20.7_Size9.png,img:Angle20.7_Size9.png,meta:FFD\meta.json,annotations:FFD\annotations.json
flyId:Angle20.7_Size10,3d:FFD:Angle20.7_Size10.json,img:Angle20.7_Size10.png,img:Angle20.7_Size10.png,meta:FFD\meta.json,annotations:FFD\annotations.json
flyId:Angle20.8_Size5,3d:FFD:Angle20.8_Size5.json,img:Angle20.8_Size5.png,img:Angle20.8_Size5.png,meta:FFD\meta.json,annotations:FFD\annotations.json
flyId:Angle20.8_Size6,3d:FFD:Angle20.8_Size6.json,img:Angle20.8_Size6.png,img:Angle20.8_Size6.png,meta:FFD\meta.json,annotations:FFD\annotations.json
flyId:Angle20.8_Size7,3d:FFD:Angle20.8_Size7.json,img:Angle20.8_Size7.png,img:Angle20.8_Size7.png,meta:FFD\meta.json,annotations:FFD\annotations.json
flyId:Angle20.8_Size8,3d:FFD:Angle20.8_Size8.json,img:Angle20.8_Size8.png,img:Angle20.8_Size8.png,meta:FFD\meta.json,annotations:FFD\annotations.json
flyId:Angle20.8_Size9,3d:FFD:Angle20.8_Size9.json,img:Angle20.8_Size9.png,img:Angle20.8_Size9.png,meta:FFD\meta.json,annotations:FFD\annotations.json
flyId:Angle20.8_Size10,3d:FFD:Angle20.8_Size10.json,img:Angle20.8_Size10.png,img:Angle20.8_Size10.png,meta:FFD\meta.json,annotations:FFD\annotations.json
flyId:Angle20.9_Size5,3d:FFD:Angle20.9_Size5.json,img:Angle20.9_Size5.png,img:Angle20.9_Size5.png,meta:FFD\meta.json,annotations:FFD\annotations.json
flyId:Angle20.9_Size6,3d:FFD:Angle20.9_Size6.json,img:Angle20.9_Size6.png,img:Angle20.9_Size6.png,meta:FFD\meta.json,annotations:FFD\annotations.json
flyId:Angle20.9_Size7,3d:FFD:Angle20.9_Size7.json,img:Angle20.9_Size7.png,img:Angle20.9_Size7.png,meta:FFD\meta.json,annotations:FFD\annotations.json
flyId:Angle20.9_Size8,3d:FFD:Angle20.9_Size8.json,img:Angle20.9_Size8.png,img:Angle20.9_Size8.png,meta:FFD\meta.json,annotations:FFD\annotations.json
flyId:Angle20.9_Size9,3d:FFD:Angle20.9_Size9.json,img:Angle20.9_Size9.png,img:Angle20.9_Size9.png,meta:FFD\meta.json,annotations:FFD\annotations.json
flyId:Angle20.9_Size10,3d:FFD:Angle20.9_Size10.json,img:Angle20.9_Size10.png,img:Angle20.9_Size10.png,meta:FFD\meta.json,annotations:FFD\annotations.json
flyId:Angle21_Size5,3d:FFD:Angle21_Size5.json,img:Angle21_Size5.png,img:Angle21_Size5.png,meta:FFD\meta.json,annotations:FFD\annotations.json
flyId:Angle21_Size6,3d:FFD:Angle21_Size6.json,img:Angle21_Size6.png,img:Angle21_Size6.png,meta:FFD\meta.json,annotations:FFD\annotations.json
flyId:Angle21_Size7,3d:FFD:Angle21_Size7.json,img:Angle21_Size7.png,img:Angle21_Size7.png,meta:FFD\meta.json,annotations:FFD\annotations.json
flyId:Angle21_Size8,3d:FFD:Angle21_Size8.json,img:Angle21_Size8.png,img:Angle21_Size8.png,meta:FFD\meta.json,annotations:FFD\annotations.json
flyId:Angle21_Size9,3d:FFD:Angle21_Size9.json,img:Angle21_Size9.png,img:Angle21_Size9.png,meta:FFD\meta.json,annotations:FFD\annotations.json
flyId:Angle21_Size10,3d:FFD:Angle21_Size10.json,img:Angle21_Size10.png,img:Angle21_Size10.png,meta:FFD\meta.json,annotations:FFD\annotations.json
